{
	"DRAWS" : {
                "DRAW_1" : {
                        "STEP_1" : "+ - -- [ BY KADA ]\n",
                        "STEP_2" : "+ - -- [ v 21.00 ]\n",
                        "STEP_3" : "+ - -- [ No PRO Version - Telegram : @Zkada ]\n",
                        "STEP_4" : "+ - -- [ Get Instagram Users Info ]\n",
                        "STEP_5" : ">>>  EXIT USE : CTRL + C + ENTER  <<<\n\n"
                        },
                "DRAW_2" : {
                        "STEP_1" : "[ SSSSSSS UU    UU PPPPPP  EEEEEE RRRRRR  ]\n",
			"STEP_2" : "[ SS      UU    UU PP   PP EE     RR   RR ]\n",
                        "STEP_3" : "[ SSSSSSS UU    UU PPPPPP  EEEEEE RRRRRR  ]\n",
			"STEP_4" : "[      SS UU    UU PP      EE     RR  RR  ]\n",
			"STEP_5" : "[ SSSSSSS UUUUUUUU PP      EEEEEE RR   RR ]\n"
                        }
        }
}
