{
	"WELCOME_SCREEN" : {
		"FIRSTMSG" : "WELCOME TO ZXLLKADA TOOLS",
		"SECONDMSG" : "How Are You Doing ?",
		"ANSWER" : "I Hope You're Good!"
	},
	"IN_OR_OUT" : {
		"IN" : "You Are Connected\n",
		"OUT" : "You Are Not Connected!",
		"OUT_CHALLENGE" : "You Must Be Connected With Internet!"
	},
	"TO_HELP" : {
		"SPACES" : "\n",
		"TRY" : "TRY AGAIN",
		"SEEYOU" : "[~] SEE YOU LATER"
	},
	"DRAWS" : {
		"DRAW_1" : {
			"STEP_1" : "+ - -- [ BY KADA ]\n",
			"STEP_2" : "+ - -- [ v 21.00 ]\n",
			"STEP_3" : "+ - -- [ No PRO Version - Telegram : @Zkada ]\n",
			"STEP_4" : "+ - -- [ Get Instagram Users Info ]\n",
			"STEP_5" : ">>>  EXIT USE : CTRL + C + ENTER  <<<\n\n"
			},
		"DRAW_2" : {
			"STEP_1" : "、[ DOWNLOAD ALL POSTS FROM INSTAGRAM ]\n",
			"STEP_2" : "、[ GET USERS FROM ANY HASHTAG ]\n\n"
			},
		"DRAW_3" : "、[ ONLY ON TELEGRAM CHANNEL ]\n\n\n"
	},
	"MODES" : {
		"MODE_1" : "[ 1 ] --> Normal Mode ( Not Working For Now )\n",
		"MODE_2" : "[ 2 ] --> Super Mode V1\n",
		"MODE_3" : "[ 3 ] --> Super Mode V2 ( use it only if V1 not working )"
	}
}
